{
  "project": {
    "version": "1.0.0-beta.19-3",
    "name": "travel-app"
  },
  "apps": [
    {
      "root": "src",
      "outDir": "dist",
      "assets": [
        "assets",
        "favicon.ico",
        "service-worker.js"
      ],
      "index": "index.html",
      "main": "main.ts",
      "test": "test.ts",
      "tsconfig": "tsconfig.app.json",
      "prefix": "tr",
      "serviceWorker": true,
      "mobile": false,
      "compress": true,
      "styles": [
        "styles.scss",
        "../node_modules/primeng/resources/themes/omega/theme.css",
        "../node_modules/font-awesome/css/font-awesome.min.css",
        "../node_modules/primeng/resources/primeng.min.css",
        "../node_modules/semantic-ui/dist/semantic.min.css",
        "../node_modules/ng2-slim-loading-bar/bundles/style.css",
        "../node_modules/ng2-toasty/bundles/style.css"
      ],
      "scripts": [
        "../node_modules/jquery/dist/jquery.min.js",
        "../node_modules/semantic-ui/dist/semantic.min.js",
        "../node_modules/jshashes/hashes.min.js"
      ],
      "environmentSource": "environments/environment.ts",
      "environments": {
        "dev": "environments/environment.ts",
        "prod": "environments/environment.prod.ts"
      }
    }
  ],
  "addons": [],
  "packages": [],
  "e2e": {
    "protractor": {
      "config": "./protractor.conf.js"
    }
  },
  "test": {
    "karma": {
      "config": "./karma.conf.js"
    }
  },
  "defaults": {
    "styleExt": "scss",
    "prefixInterfaces": false,
    "inline": {
      "style": false,
      "template": false
    },
    "spec": {
      "class": false,
      "component": true,
      "directive": true,
      "module": false,
      "pipe": true,
      "service": true
    }
  }
}