{
  "database": {
    "rules": "database.rules.json"
  },
  "hosting": {
    "public": "dist",
    "rewrites": [
      {
        "source": "**",
        "destination": "/index.html"
      }
    ],
    "headers": [
      {
        "source": "/service-worker.js",
        "headers": [
          {
            "key": "Cache-Control",
            "value": "no-cache"
          }
        ]
      },
      {
        "source": "**/*.@(eot|otf|ttf|ttc|woff|woff2|font.css)",
        "headers": [
          {
            "key": "Access-Control-Allow-Origin",
            "value": "*"
          }
        ]
      },
      {
        "source": "**/*.@(jpg|jpeg|gif|png|svg)",
        "headers": [
          {
            "key": "Cache-Control",
            "value": "max-age=31536000"
          }
        ]
      },
      {
        "source": "**/*.@(css)",
        "headers": [
          {
            "key": "Cache-Control",
            "value": "max-age=31536000"
          }
        ]
      },
      {
        "source": "**/*.@(js)",
        "headers": [
          {
            "key": "Cache-Control",
            "value": "max-age=31536000"
          }
        ]
      }
    ]
  }
}