{
  "$schema": "./node_modules/@angular/cli/lib/config/schema.json",
  "project": {
    "name": "pinWork"
  },
  "apps": [
    {
      "root": "src",
      "outDir": "dist",
      "assets": [
        "assets",
        "favicon.ico",
        "service-worker.js",
        "manifest.json"
      ],
      "index": "index.html",
      "main": "main.ts",
      "polyfills": "polyfills.ts",
      "test": "test.ts",
      "tsconfig": "tsconfig.app.json",
      "testTsconfig": "tsconfig.spec.json",
      "prefix": "app",
      "styles": [
        "../node_modules/foundation-sites/dist/css/foundation.css",
        "../node_modules/font-awesome/css/font-awesome.css",
        "../node_modules/angular2-toaster/toaster.css",
        "../node_modules/ng2-slim-loading-bar/style.css",
        "styles.scss"
      ],
      "scripts": [
        "../node_modules/foundation-sites/vendor/jquery/dist/jquery.min.js",
        "../node_modules/imagesloaded/imagesloaded.pkgd.min.js",
        "../node_modules/foundation-sites/dist/js/foundation.min.js"
      ],
      "environmentSource": "environments/environment.ts",
      "environments": {
        "dev": "environments/environment.ts",
        "prod": "environments/environment.prod.ts"
      }
    }
  ],
  "e2e": {
    "protractor": {
      "config": "./protractor.conf.js"
    }
  },
  "lint": [
    {
      "project": "src/tsconfig.app.json"
    },
    {
      "project": "src/tsconfig.spec.json"
    },
    {
      "project": "e2e/tsconfig.e2e.json"
    }
  ],
  "test": {
    "karma": {
      "config": "./karma.conf.js"
    }
  },
  "defaults": {
    "styleExt": "scss",
    "component": {}
  }
}
